time,key,action
2024-07-31 00:30:21,Key.ctrl_l,press
2024-07-31 00:30:21,Ctrl+A,hotkey
2024-07-31 00:30:22,Key.ctrl_l,release
2024-07-31 00:30:22,A,release
2024-07-31 00:30:22,Key.ctrl_l,press
2024-07-31 00:30:22,Ctrl+S,hotkey
2024-07-31 00:30:22,Key.ctrl_l,release
2024-07-31 00:30:22,S,release
2024-07-31 00:30:22,Key.alt_l,press
2024-07-31 00:30:23,Alt+Tab,hotkey
2024-07-31 00:30:23,Key.alt_l,release
2024-07-31 00:30:23,Key.tab,release
2024-07-31 00:31:16,Key.space,press
2024-07-31 00:31:16,V,press
2024-07-31 00:31:16,Key.space,release
2024-07-31 00:31:16,V,release
2024-07-31 00:31:17,0,press
2024-07-31 00:31:18,0,release
2024-07-31 00:31:19,.,press
2024-07-31 00:31:19,3,press
2024-07-31 00:31:19,.,release
2024-07-31 00:31:19,3,release
2024-07-31 00:31:21,Key.backspace,press
2024-07-31 00:31:21,Key.backspace,release
2024-07-31 00:31:21,Key.backspace,press
2024-07-31 00:31:21,Key.backspace,release
2024-07-31 00:31:21,Key.backspace,press
2024-07-31 00:31:21,Key.backspace,release
2024-07-31 00:31:21,Key.backspace,press
2024-07-31 00:31:21,Key.backspace,release
2024-07-31 00:31:21,Key.backspace,press
2024-07-31 00:31:21,Key.backspace,release
2024-07-31 00:31:22,Key.ctrl_l,press
2024-07-31 00:31:22,Ctrl+S,hotkey
2024-07-31 00:31:22,Key.ctrl_l,release
2024-07-31 00:31:22,S,release
2024-07-31 00:31:51,Key.enter,press
2024-07-31 00:31:51,Key.enter,release
2024-07-31 00:31:52,S,press
2024-07-31 00:31:52,S,release
2024-07-31 00:31:52,E,press
2024-07-31 00:31:52,L,press
2024-07-31 00:31:52,F,press
2024-07-31 00:31:52,E,release
2024-07-31 00:31:52,L,release
2024-07-31 00:31:52,F,release
2024-07-31 00:31:52,.,press
2024-07-31 00:31:53,.,release
2024-07-31 00:31:53,T,press
2024-07-31 00:31:53,T,release
2024-07-31 00:31:55,Key.tab,press
2024-07-31 00:31:55,Key.tab,release
2024-07-31 00:31:56,Key.tab,press
2024-07-31 00:31:56,Key.tab,release
2024-07-31 00:31:57,Key.left,press
2024-07-31 00:31:57,Key.left,release
2024-07-31 00:31:58,Key.space,press
2024-07-31 00:31:58,Key.space,release
2024-07-31 00:31:58,V,press
2024-07-31 00:31:58,V,release
2024-07-31 00:32:00,0,press
2024-07-31 00:32:00,0,release
2024-07-31 00:32:00,Key.backspace,press
2024-07-31 00:32:01,Key.backspace,release
2024-07-31 00:32:01,0,press
2024-07-31 00:32:01,0,release
2024-07-31 00:32:02,.,press
2024-07-31 00:32:02,3,press
2024-07-31 00:32:02,.,release
2024-07-31 00:32:02,3,release
2024-07-31 00:32:04,Key.ctrl_l,press
2024-07-31 00:32:04,Ctrl+S,hotkey
2024-07-31 00:32:04,Key.ctrl_l,release
2024-07-31 00:32:04,S,release
2024-07-31 00:32:37,Key.backspace,press
2024-07-31 00:32:37,Key.backspace,release
2024-07-31 00:32:38,S,press
2024-07-31 00:32:38,S,release
2024-07-31 00:32:39,L,press
2024-07-31 00:32:39,E,press
2024-07-31 00:32:39,L,release
2024-07-31 00:32:39,E,release
2024-07-31 00:32:40,Key.backspace,press
2024-07-31 00:32:40,Key.backspace,release
2024-07-31 00:32:40,Key.backspace,press
2024-07-31 00:32:40,Key.backspace,release
2024-07-31 00:32:40,E,press
2024-07-31 00:32:40,E,release
2024-07-31 00:32:40,L,press
2024-07-31 00:32:40,L,release
2024-07-31 00:32:41,F,press
2024-07-31 00:32:41,F,release
2024-07-31 00:32:41,.,press
2024-07-31 00:32:41,.,release
2024-07-31 00:32:41,Key.tab,press
2024-07-31 00:32:42,Key.tab,release
2024-07-31 00:32:42,Key.tab,press
2024-07-31 00:32:42,Key.tab,release
2024-07-31 00:32:46,Key.ctrl_l,press
2024-07-31 00:32:46,Ctrl+C,hotkey
2024-07-31 00:32:46,Key.ctrl_l,release
2024-07-31 00:32:46,C,release
2024-07-31 00:32:50,Key.ctrl_l,press
2024-07-31 00:32:50,Ctrl+V,hotkey
2024-07-31 00:32:50,Key.ctrl_l,release
2024-07-31 00:32:51,V,release
2024-07-31 00:32:55,F,press
2024-07-31 00:32:55,F,release
2024-07-31 00:32:57,Key.ctrl_l,press
2024-07-31 00:32:58,Ctrl+V,hotkey
2024-07-31 00:32:58,Key.ctrl_l,release
2024-07-31 00:32:58,V,release
2024-07-31 00:32:58,Key.ctrl_l,press
2024-07-31 00:32:58,Ctrl+Z,hotkey
2024-07-31 00:32:58,Key.ctrl_l,release
2024-07-31 00:32:58,Z,release
2024-07-31 00:32:59,Key.backspace,press
2024-07-31 00:32:59,Key.backspace,release
2024-07-31 00:33:00,Key.shift,press
2024-07-31 00:33:00,[,press
2024-07-31 00:33:00,],press
2024-07-31 00:33:00,[,release
2024-07-31 00:33:00,],release
2024-07-31 00:33:00,Key.shift,release
2024-07-31 00:33:00,Key.left,press
2024-07-31 00:33:00,Key.ctrl_l,press
2024-07-31 00:33:00,Key.left,release
2024-07-31 00:33:01,Ctrl+V,hotkey
2024-07-31 00:33:01,Key.ctrl_l,release
2024-07-31 00:33:01,V,release
2024-07-31 00:33:01,Key.ctrl_l,press
2024-07-31 00:33:02,Ctrl+S,hotkey
2024-07-31 00:33:02,Key.ctrl_l,release
2024-07-31 00:33:02,S,release
2024-07-31 00:33:25,Key.ctrl_l,press
2024-07-31 00:33:25,Ctrl+S,hotkey
2024-07-31 00:33:25,Key.ctrl_l,release
2024-07-31 00:33:25,S,release
2024-07-31 00:34:03,Key.ctrl_l,press
2024-07-31 00:34:04,Ctrl+X,hotkey
2024-07-31 00:34:04,Key.ctrl_l,release
2024-07-31 00:34:04,X,release
2024-07-31 00:34:06,Key.enter,press
2024-07-31 00:34:06,Key.enter,release
2024-07-31 00:34:07,Key.tab,press
2024-07-31 00:34:07,Key.tab,release
2024-07-31 00:34:14,Key.ctrl_l,press
2024-07-31 00:34:14,Ctrl+X,hotkey
2024-07-31 00:34:14,Key.ctrl_l,release
2024-07-31 00:34:14,X,release
2024-07-31 00:34:15,Key.enter,press
2024-07-31 00:34:15,Key.ctrl_l,press
2024-07-31 00:34:15,Key.enter,release
2024-07-31 00:34:15,Ctrl+V,hotkey
2024-07-31 00:34:15,V,release
2024-07-31 00:34:15,Key.ctrl_l,release
2024-07-31 00:34:19,Key.backspace,press
2024-07-31 00:34:19,Key.backspace,release
2024-07-31 00:34:21,Key.shift,press
2024-07-31 00:34:21,-,press
2024-07-31 00:34:21,-,release
2024-07-31 00:34:21,-,press
2024-07-31 00:34:21,-,release
2024-07-31 00:34:21,Key.shift,release
2024-07-31 00:34:22,N,press
2024-07-31 00:34:23,A,press
2024-07-31 00:34:23,N,release
2024-07-31 00:34:23,A,release
2024-07-31 00:34:23,Key.tab,press
2024-07-31 00:34:23,Key.tab,release
2024-07-31 00:34:25,",",press
2024-07-31 00:34:25,",",release
2024-07-31 00:34:25,Key.ctrl_l,press
2024-07-31 00:34:25,Ctrl+V,hotkey
2024-07-31 00:34:26,V,release
2024-07-31 00:34:26,Key.ctrl_l,release
2024-07-31 00:34:27,Key.ctrl_l,press
2024-07-31 00:34:27,Ctrl+Z,hotkey
2024-07-31 00:34:28,Key.ctrl_l,release
2024-07-31 00:34:28,Z,release
2024-07-31 00:34:32,L,press
2024-07-31 00:34:32,L,release
2024-07-31 00:34:33,Key.down,press
2024-07-31 00:34:33,Key.tab,press
2024-07-31 00:34:33,Key.down,release
2024-07-31 00:34:33,Key.tab,release
2024-07-31 00:34:34,F,press
2024-07-31 00:34:35,F,release
2024-07-31 00:34:35,',press
2024-07-31 00:34:35,',release
2024-07-31 00:34:37,Key.tab,press
2024-07-31 00:34:37,Key.tab,release
2024-07-31 00:34:38,Key.ctrl_l,press
2024-07-31 00:34:38,Ctrl+S,hotkey
2024-07-31 00:34:38,Key.ctrl_l,release
2024-07-31 00:34:38,S,release
2024-07-31 00:34:43,Key.backspace,press
2024-07-31 00:34:43,Key.backspace,release
2024-07-31 00:34:43,Key.backspace,press
2024-07-31 00:34:43,Key.backspace,release
2024-07-31 00:34:43,Key.backspace,press
2024-07-31 00:34:43,Key.backspace,release
2024-07-31 00:34:44,Key.ctrl_l,press
2024-07-31 00:34:45,Ctrl+S,hotkey
2024-07-31 00:34:45,Key.ctrl_l,release
2024-07-31 00:34:45,S,release
2024-07-31 00:35:05,Key.ctrl_l,press
2024-07-31 00:35:05,Ctrl+A,hotkey
2024-07-31 00:35:05,Key.ctrl_l,release
2024-07-31 00:35:06,A,release
2024-07-31 00:35:06,Key.ctrl_l,press
2024-07-31 00:35:06,Ctrl+C,hotkey
2024-07-31 00:35:07,Key.ctrl_l,release
2024-07-31 00:35:07,C,release
2024-07-31 00:35:16,D,press
2024-07-31 00:35:16,U,press
2024-07-31 00:35:16,I,press
2024-07-31 00:35:16,D,release
2024-07-31 00:35:16,U,release
2024-07-31 00:35:16,I,release
2024-07-31 00:35:16,Y,press
2024-07-31 00:35:16,U,press
2024-07-31 00:35:16,Y,release
2024-07-31 00:35:16,U,release
2024-07-31 00:35:17,Key.space,press
2024-07-31 00:35:17,Key.space,release
2024-07-31 00:35:17,T,press
2024-07-31 00:35:17,O,press
2024-07-31 00:35:17,T,release
2024-07-31 00:35:17,N,press
2024-07-31 00:35:17,O,release
2024-07-31 00:35:17,N,release
2024-07-31 00:35:17,G,press
2024-07-31 00:35:17,G,release
2024-07-31 00:35:18,J,press
2024-07-31 00:35:18,I,press
2024-07-31 00:35:18,J,release
2024-07-31 00:35:18,I,release
2024-07-31 00:35:18,Key.space,press
2024-07-31 00:35:18,Key.space,release
2024-07-31 00:35:18,T,press
2024-07-31 00:35:18,T,release
2024-07-31 00:35:18,U,press
2024-07-31 00:35:18,U,release
2024-07-31 00:35:19,Key.space,press
2024-07-31 00:35:19,Key.space,release
2024-07-31 00:35:19,",",press
2024-07-31 00:35:19,",",release
2024-07-31 00:35:19,Q,press
2024-07-31 00:35:19,I,press
2024-07-31 00:35:19,N,press
2024-07-31 00:35:19,I,release
2024-07-31 00:35:19,Q,release
2024-07-31 00:35:19,N,release
2024-07-31 00:35:19,G,press
2024-07-31 00:35:19,G,release
2024-07-31 00:35:19,N,press
2024-07-31 00:35:19,I,press
2024-07-31 00:35:20,N,release
2024-07-31 00:35:20,Key.space,press
2024-07-31 00:35:20,I,release
2024-07-31 00:35:20,Key.space,release
2024-07-31 00:35:20,X,press
2024-07-31 00:35:20,I,press
2024-07-31 00:35:20,X,release
2024-07-31 00:35:20,E,press
2024-07-31 00:35:20,I,release
2024-07-31 00:35:20,E,release
2024-07-31 00:35:20,Z,press
2024-07-31 00:35:20,H,press
2024-07-31 00:35:20,U,press
2024-07-31 00:35:20,H,release
2024-07-31 00:35:20,Z,release
2024-07-31 00:35:21,U,release
2024-07-31 00:35:21,Key.space,press
2024-07-31 00:35:21,Key.space,release
2024-07-31 00:35:21,Z,press
2024-07-31 00:35:21,E,press
2024-07-31 00:35:21,N,press
2024-07-31 00:35:21,Z,release
2024-07-31 00:35:21,E,release
2024-07-31 00:35:21,N,release
2024-07-31 00:35:21,G,press
2024-07-31 00:35:21,G,release
2024-07-31 00:35:21,J,press
2024-07-31 00:35:22,I,press
2024-07-31 00:35:22,J,release
2024-07-31 00:35:22,I,release
2024-07-31 00:35:22,A,press
2024-07-31 00:35:22,Key.space,press
2024-07-31 00:35:22,A,release
2024-07-31 00:35:22,Key.space,release
2024-07-31 00:35:23,Y,press
2024-07-31 00:35:23,I,press
2024-07-31 00:35:23,Y,release
2024-07-31 00:35:23,I,release
2024-07-31 00:35:23,G,press
2024-07-31 00:35:23,G,release
2024-07-31 00:35:23,E,press
2024-07-31 00:35:23,E,release
2024-07-31 00:35:23,Key.space,press
2024-07-31 00:35:23,Key.space,release
2024-07-31 00:35:24,J,press
2024-07-31 00:35:24,I,press
2024-07-31 00:35:24,A,press
2024-07-31 00:35:24,J,release
2024-07-31 00:35:24,N,press
2024-07-31 00:35:24,I,release
2024-07-31 00:35:24,A,release
2024-07-31 00:35:24,N,release
2024-07-31 00:35:24,P,press
2024-07-31 00:35:24,A,press
2024-07-31 00:35:24,P,release
2024-07-31 00:35:24,N,press
2024-07-31 00:35:24,A,release
2024-07-31 00:35:24,N,release
2024-07-31 00:35:25,Key.space,press
2024-07-31 00:35:25,Key.space,release
2024-07-31 00:35:25,S,press
2024-07-31 00:35:25,S,release
2024-07-31 00:35:25,Key.backspace,press
2024-07-31 00:35:25,R,press
2024-07-31 00:35:26,Key.backspace,release
2024-07-31 00:35:26,E,press
2024-07-31 00:35:26,R,release
2024-07-31 00:35:26,E,release
2024-07-31 00:35:26,L,press
2024-07-31 00:35:26,I,press
2024-07-31 00:35:26,L,release
2024-07-31 00:35:26,I,release
2024-07-31 00:35:26,T,press
2024-07-31 00:35:26,U,press
2024-07-31 00:35:27,T,release
2024-07-31 00:35:27,U,release
2024-07-31 00:35:27,Key.space,press
2024-07-31 00:35:27,Key.space,release
2024-07-31 00:35:29,D,press
2024-07-31 00:35:30,E,press
2024-07-31 00:35:30,Key.space,press
2024-07-31 00:35:30,D,release
2024-07-31 00:35:30,E,release
2024-07-31 00:35:30,Key.space,release
2024-07-31 00:35:31,J,press
2024-07-31 00:35:31,I,press
2024-07-31 00:35:31,E,press
2024-07-31 00:35:31,J,release
2024-07-31 00:35:31,I,release
2024-07-31 00:35:31,E,release
2024-07-31 00:35:31,M,press
2024-07-31 00:35:31,M,release
2024-07-31 00:35:31,Key.space,press
2024-07-31 00:35:31,Key.space,release
2024-07-31 00:35:33,",",press
2024-07-31 00:35:33,",",release
2024-07-31 00:35:33,Z,press
2024-07-31 00:35:33,U,press
2024-07-31 00:35:34,O,press
2024-07-31 00:35:34,Z,release
2024-07-31 00:35:34,U,release
2024-07-31 00:35:34,O,release
2024-07-31 00:35:34,W,press
2024-07-31 00:35:34,E,press
2024-07-31 00:35:34,I,press
2024-07-31 00:35:34,W,release
2024-07-31 00:35:34,E,release
2024-07-31 00:35:34,I,release
2024-07-31 00:35:34,Key.space,press
2024-07-31 00:35:34,Key.space,release
2024-07-31 00:35:35,D,press
2024-07-31 00:35:35,I,press
2024-07-31 00:35:35,D,release
2024-07-31 00:35:35,I,release
2024-07-31 00:35:35,G,press
2024-07-31 00:35:36,E,press
2024-07-31 00:35:36,G,release
2024-07-31 00:35:36,E,release
2024-07-31 00:35:36,Key.backspace,press
2024-07-31 00:35:36,Key.backspace,release
2024-07-31 00:35:36,Key.backspace,press
2024-07-31 00:35:36,Key.backspace,release
2024-07-31 00:35:36,Key.backspace,press
2024-07-31 00:35:36,Key.backspace,release
2024-07-31 00:35:36,Key.backspace,press
2024-07-31 00:35:36,Key.backspace,release
2024-07-31 00:35:37,S,press
2024-07-31 00:35:37,H,press
2024-07-31 00:35:37,O,press
2024-07-31 00:35:37,S,release
2024-07-31 00:35:37,U,press
2024-07-31 00:35:37,H,release
2024-07-31 00:35:37,O,release
2024-07-31 00:35:37,U,release
2024-07-31 00:35:37,X,press
2024-07-31 00:35:37,I,press
2024-07-31 00:35:37,A,press
2024-07-31 00:35:37,N,press
2024-07-31 00:35:37,X,release
2024-07-31 00:35:37,I,release
2024-07-31 00:35:37,N,release
2024-07-31 00:35:37,A,release
2024-07-31 00:35:40,Key.space,press
2024-07-31 00:35:41,Key.space,release
2024-07-31 00:35:41,Key.backspace,press
2024-07-31 00:35:41,Key.backspace,release
2024-07-31 00:35:41,X,press
2024-07-31 00:35:41,A,press
2024-07-31 00:35:41,I,press
2024-07-31 00:35:41,X,release
2024-07-31 00:35:41,N,press
2024-07-31 00:35:41,I,release
2024-07-31 00:35:41,A,release
2024-07-31 00:35:42,N,release
2024-07-31 00:35:43,+,press
2024-07-31 00:35:43,+,release
2024-07-31 00:35:43,2,press
2024-07-31 00:35:43,2,release
2024-07-31 00:35:45,Key.shift,press
2024-07-31 00:35:45,Key.enter,press
2024-07-31 00:35:45,Key.enter,release
2024-07-31 00:35:45,Key.shift,release
2024-07-31 00:35:47,J,press
2024-07-31 00:35:47,I,press
2024-07-31 00:35:47,A,press
2024-07-31 00:35:47,J,release
2024-07-31 00:35:47,N,press
2024-07-31 00:35:47,I,release
2024-07-31 00:35:47,N,release
2024-07-31 00:35:47,A,release
2024-07-31 00:35:47,P,press
2024-07-31 00:35:48,P,release
2024-07-31 00:35:48,Key.space,press
2024-07-31 00:35:48,Key.space,release
2024-07-31 00:35:48,T,press
2024-07-31 00:35:48,U,press
2024-07-31 00:35:48,T,release
2024-07-31 00:35:48,U,release
2024-07-31 00:35:48,P,press
2024-07-31 00:35:49,P,release
2024-07-31 00:35:49,Key.space,press
2024-07-31 00:35:49,Key.space,release
2024-07-31 00:35:49,Y,press
2024-07-31 00:35:49,E,press
2024-07-31 00:35:49,Y,release
2024-07-31 00:35:49,E,release
2024-07-31 00:35:49,S,press
2024-07-31 00:35:49,H,press
2024-07-31 00:35:49,I,press
2024-07-31 00:35:50,S,release
2024-07-31 00:35:50,H,release
2024-07-31 00:35:50,I,release
2024-07-31 00:35:50,Key.space,press
2024-07-31 00:35:50,Key.space,release
2024-07-31 00:35:50,C,press
2024-07-31 00:35:50,H,press
2024-07-31 00:35:50,E,press
2024-07-31 00:35:51,H,release
2024-07-31 00:35:51,C,release
2024-07-31 00:35:51,N,press
2024-07-31 00:35:51,E,release
2024-07-31 00:35:51,N,release
2024-07-31 00:35:51,G,press
2024-07-31 00:35:51,G,release
2024-07-31 00:35:51,X,press
2024-07-31 00:35:51,U,press
2024-07-31 00:35:51,U,release
2024-07-31 00:35:51,X,release
2024-07-31 00:35:51,Key.space,press
2024-07-31 00:35:51,Key.space,release
2024-07-31 00:35:51,Z,press
2024-07-31 00:35:51,I,press
2024-07-31 00:35:51,Z,release
2024-07-31 00:35:51,I,release
2024-07-31 00:35:51,D,press
2024-07-31 00:35:52,O,press
2024-07-31 00:35:52,N,press
2024-07-31 00:35:52,D,release
2024-07-31 00:35:52,O,release
2024-07-31 00:35:52,N,release
2024-07-31 00:35:52,G,press
2024-07-31 00:35:52,G,release
2024-07-31 00:35:52,Key.space,press
2024-07-31 00:35:52,Key.space,release
2024-07-31 00:35:52,S,press
2024-07-31 00:35:52,H,press
2024-07-31 00:35:53,S,release
2024-07-31 00:35:53,H,release
2024-07-31 00:35:53,E,press
2024-07-31 00:35:53,N,press
2024-07-31 00:35:53,N,release
2024-07-31 00:35:53,E,release
2024-07-31 00:35:53,G,press
2024-07-31 00:35:53,C,press
2024-07-31 00:35:53,G,release
2024-07-31 00:35:53,Key.space,press
2024-07-31 00:35:53,C,release
2024-07-31 00:35:53,Key.space,release
2024-07-31 00:35:53,",",press
2024-07-31 00:35:53,",",release
2024-07-31 00:35:53,S,press
2024-07-31 00:35:53,H,press
2024-07-31 00:35:54,U,press
2024-07-31 00:35:54,S,release
2024-07-31 00:35:54,H,release
2024-07-31 00:35:54,U,release
2024-07-31 00:35:54,N,press
2024-07-31 00:35:54,N,release
2024-07-31 00:35:55,Key.backspace,press
2024-07-31 00:35:55,Key.backspace,release
2024-07-31 00:35:55,Key.backspace,press
2024-07-31 00:35:55,Key.backspace,release
2024-07-31 00:35:55,Key.backspace,press
2024-07-31 00:35:55,Key.backspace,release
2024-07-31 00:35:55,Key.backspace,press
2024-07-31 00:35:55,Key.backspace,release
2024-07-31 00:35:55,J,press
2024-07-31 00:35:55,I,press
2024-07-31 00:35:55,A,press
2024-07-31 00:35:55,J,release
2024-07-31 00:35:55,N,press
2024-07-31 00:35:55,I,release
2024-07-31 00:35:55,N,release
2024-07-31 00:35:56,A,release
2024-07-31 00:35:56,P,press
2024-07-31 00:35:56,P,release
2024-07-31 00:35:56,Key.space,press
2024-07-31 00:35:56,Key.space,release
2024-07-31 00:35:57,C,press
2024-07-31 00:35:57,A,press
2024-07-31 00:35:57,N,press
2024-07-31 00:35:57,C,release
2024-07-31 00:35:57,N,release
2024-07-31 00:35:57,A,release
2024-07-31 00:35:57,K,press
2024-07-31 00:35:57,K,release
2024-07-31 00:35:58,Key.space,press
2024-07-31 00:35:58,Key.space,release
2024-07-31 00:36:00,Key.backspace,press
2024-07-31 00:36:00,Key.backspace,release
2024-07-31 00:36:00,Key.backspace,press
2024-07-31 00:36:00,Key.backspace,release
2024-07-31 00:36:01,B,press
2024-07-31 00:36:01,U,press
2024-07-31 00:36:01,Y,press
2024-07-31 00:36:01,B,release
2024-07-31 00:36:01,Y,release
2024-07-31 00:36:01,U,release
2024-07-31 00:36:01,J,press
2024-07-31 00:36:01,J,release
2024-07-31 00:36:01,U,press
2024-07-31 00:36:01,U,release
2024-07-31 00:36:01,Key.backspace,press
2024-07-31 00:36:01,Key.backspace,release
2024-07-31 00:36:01,Key.backspace,press
2024-07-31 00:36:01,Key.backspace,release
2024-07-31 00:36:02,Key.backspace,press
2024-07-31 00:36:02,Key.backspace,release
2024-07-31 00:36:02,J,press
2024-07-31 00:36:02,J,release
2024-07-31 00:36:02,U,press
2024-07-31 00:36:03,U,release
2024-07-31 00:36:03,Key.space,press
2024-07-31 00:36:03,Key.space,release
2024-07-31 00:36:03,C,press
2024-07-31 00:36:03,A,press
2024-07-31 00:36:03,N,press
2024-07-31 00:36:03,C,release
2024-07-31 00:36:03,N,release
2024-07-31 00:36:03,K,press
2024-07-31 00:36:03,A,release
2024-07-31 00:36:04,K,release
2024-07-31 00:36:04,Key.space,press
2024-07-31 00:36:04,Key.space,release
2024-07-31 00:36:04,U,press
2024-07-31 00:36:04,U,release
2024-07-31 00:36:05,S,press
2024-07-31 00:36:05,A,press
2024-07-31 00:36:05,S,release
2024-07-31 00:36:05,Key.enter,press
2024-07-31 00:36:05,A,release
2024-07-31 00:36:05,Key.enter,release
2024-07-31 00:36:06,B,press
2024-07-31 00:36:06,U,press
2024-07-31 00:36:06,B,release
2024-07-31 00:36:06,U,release
2024-07-31 00:36:06,J,press
2024-07-31 00:36:06,J,release
2024-07-31 00:36:06,U,press
2024-07-31 00:36:06,U,release
2024-07-31 00:36:06,Key.space,press
2024-07-31 00:36:06,Key.space,release
2024-07-31 00:36:07,Key.shift,press
2024-07-31 00:36:07,Key.enter,press
2024-07-31 00:36:07,Key.shift,release
2024-07-31 00:36:07,Key.enter,release
2024-07-31 00:36:07,Key.ctrl_l,press
2024-07-31 00:36:07,Ctrl+V,hotkey
2024-07-31 00:36:07,Key.ctrl_l,release
2024-07-31 00:36:07,V,release
2024-07-31 00:36:10,Key.enter,press
2024-07-31 00:36:10,Key.enter,release
2024-07-31 00:36:26,Key.enter,press
2024-07-31 00:36:26,Key.enter,release
2024-07-31 00:36:35,Key.tab,press
2024-07-31 00:36:36,Key.tab,release
2024-07-31 00:36:39,Key.ctrl_l,press
2024-07-31 00:36:39,Ctrl+C,hotkey
2024-07-31 00:36:40,Key.ctrl_l,release
2024-07-31 00:36:40,C,release
2024-07-31 00:36:42,Key.ctrl_l,press
2024-07-31 00:36:42,Ctrl+V,hotkey
2024-07-31 00:36:42,V,release
2024-07-31 00:36:42,Key.ctrl_l,release
2024-07-31 00:36:44,Key.ctrl_l,press
2024-07-31 00:36:44,Ctrl+C,hotkey
2024-07-31 00:36:45,Key.ctrl_l,release
2024-07-31 00:36:45,C,release
2024-07-31 00:36:52,Key.ctrl_l,press
2024-07-31 00:36:52,Ctrl+V,hotkey
2024-07-31 00:36:52,Key.ctrl_l,release
2024-07-31 00:36:52,V,release
2024-07-31 00:36:54,Key.backspace,press
2024-07-31 00:36:54,Key.backspace,release
2024-07-31 00:36:55,Key.tab,press
2024-07-31 00:36:55,Key.tab,release
2024-07-31 00:36:56,Key.ctrl_l,press
2024-07-31 00:36:57,Ctrl+S,hotkey
2024-07-31 00:36:57,Key.ctrl_l,release
2024-07-31 00:36:57,S,release
2024-07-31 00:37:14,Key.ctrl_l,press
2024-07-31 00:37:14,Ctrl+C,hotkey
2024-07-31 00:37:14,Key.ctrl_l,release
2024-07-31 00:37:14,C,release
2024-07-31 00:37:15,Key.ctrl_l,press
2024-07-31 00:37:15,Ctrl+V,hotkey
2024-07-31 00:37:16,Key.ctrl_l,release
2024-07-31 00:37:16,V,release
2024-07-31 00:37:17,Key.enter,press
2024-07-31 00:37:17,Key.enter,release
2024-07-31 00:37:27,Key.backspace,press
2024-07-31 00:37:27,Key.backspace,release
2024-07-31 00:37:28,Key.left,press
2024-07-31 00:37:28,Key.left,release
2024-07-31 00:37:28,F,press
2024-07-31 00:37:28,F,release
2024-07-31 00:37:28,Key.right,press
2024-07-31 00:37:28,Key.right,release
2024-07-31 00:37:29,Key.shift,press
2024-07-31 00:37:30,[,press
2024-07-31 00:37:30,],press
2024-07-31 00:37:30,[,release
2024-07-31 00:37:30,Key.shift,release
2024-07-31 00:37:30,],release
2024-07-31 00:37:30,Key.left,press
2024-07-31 00:37:30,Key.left,release
2024-07-31 00:37:31,S,press
2024-07-31 00:37:31,S,release
2024-07-31 00:37:33,E,press
2024-07-31 00:37:33,E,release
2024-07-31 00:37:34,Key.tab,press
2024-07-31 00:37:34,Key.tab,release
2024-07-31 00:37:34,.,press
2024-07-31 00:37:34,.,release
2024-07-31 00:37:35,C,press
2024-07-31 00:37:35,O,press
2024-07-31 00:37:35,N,press
2024-07-31 00:37:35,C,release
2024-07-31 00:37:36,O,release
2024-07-31 00:37:36,N,release
2024-07-31 00:37:37,T,press
2024-07-31 00:37:37,T,release
2024-07-31 00:37:37,R,press
2024-07-31 00:37:37,T,press
2024-07-31 00:37:37,R,release
2024-07-31 00:37:37,T,release
2024-07-31 00:37:37,Key.backspace,press
2024-07-31 00:37:38,Key.backspace,release
2024-07-31 00:37:38,Key.tab,press
2024-07-31 00:37:38,Key.tab,release
2024-07-31 00:37:39,.,press
2024-07-31 00:37:39,.,release
2024-07-31 00:37:39,C,press
2024-07-31 00:37:39,O,press
2024-07-31 00:37:39,C,release
2024-07-31 00:37:39,N,press
2024-07-31 00:37:39,O,release
2024-07-31 00:37:39,N,release
2024-07-31 00:37:40,Key.tab,press
2024-07-31 00:37:40,Key.tab,release
2024-07-31 00:37:40,.,press
2024-07-31 00:37:40,.,release
2024-07-31 00:37:41,T,press
2024-07-31 00:37:41,T,release
2024-07-31 00:37:41,I,press
2024-07-31 00:37:41,I,release
2024-07-31 00:37:42,T,press
2024-07-31 00:37:42,T,release
2024-07-31 00:37:42,L,press
2024-07-31 00:37:42,E,press
2024-07-31 00:37:42,L,release
2024-07-31 00:37:42,E,release
2024-07-31 00:37:42,Key.tab,press
2024-07-31 00:37:43,Key.tab,release
2024-07-31 00:38:01,Key.ctrl_l,press
2024-07-31 00:38:01,Ctrl+C,hotkey
2024-07-31 00:38:01,Key.ctrl_l,release
2024-07-31 00:38:01,C,release
2024-07-31 00:38:04,Key.enter,press
2024-07-31 00:38:04,Key.enter,release
2024-07-31 00:38:04,Key.tab,press
2024-07-31 00:38:04,Key.tab,release
2024-07-31 00:38:04,Key.tab,press
2024-07-31 00:38:04,Key.tab,release
2024-07-31 00:38:05,Key.ctrl_l,press
2024-07-31 00:38:05,B,press
2024-07-31 00:38:05,V,press
2024-07-31 00:38:05,V,release
2024-07-31 00:38:05,B,release
2024-07-31 00:38:05,Key.ctrl_l,release
2024-07-31 00:38:10,Key.ctrl_l,press
2024-07-31 00:38:11,Ctrl+C,hotkey
2024-07-31 00:38:11,Key.ctrl_l,release
2024-07-31 00:38:11,C,release
2024-07-31 00:38:12,Key.tab,press
2024-07-31 00:38:13,Key.tab,release
2024-07-31 00:38:13,Key.tab,press
2024-07-31 00:38:13,Key.tab,release
2024-07-31 00:38:13,Key.enter,press
2024-07-31 00:38:13,Key.enter,release
2024-07-31 00:38:13,Key.ctrl_l,press
2024-07-31 00:38:13,Ctrl+V,hotkey
2024-07-31 00:38:14,Key.ctrl_l,release
2024-07-31 00:38:14,V,release
2024-07-31 00:38:19,Key.ctrl_l,press
2024-07-31 00:38:19,Ctrl+C,hotkey
2024-07-31 00:38:19,Key.ctrl_l,release
2024-07-31 00:38:19,C,release
2024-07-31 00:38:20,Key.tab,press
2024-07-31 00:38:20,Key.tab,release
2024-07-31 00:38:20,Key.tab,press
2024-07-31 00:38:21,Key.tab,release
2024-07-31 00:38:21,Key.enter,press
2024-07-31 00:38:21,Key.ctrl_l,press
2024-07-31 00:38:21,Key.enter,release
2024-07-31 00:38:21,Ctrl+V,hotkey
2024-07-31 00:38:21,V,release
2024-07-31 00:38:21,Key.ctrl_l,release
2024-07-31 00:38:28,Key.ctrl_l,press
2024-07-31 00:38:28,Ctrl+C,hotkey
2024-07-31 00:38:28,Key.ctrl_l,release
2024-07-31 00:38:28,C,release
2024-07-31 00:38:30,Key.tab,press
2024-07-31 00:38:30,Key.tab,release
2024-07-31 00:38:30,Key.enter,press
2024-07-31 00:38:30,Key.enter,release
2024-07-31 00:38:30,Key.ctrl_l,press
2024-07-31 00:38:30,Ctrl+V,hotkey
2024-07-31 00:38:30,Key.ctrl_l,release
2024-07-31 00:38:30,V,release
2024-07-31 00:38:31,Key.enter,press
2024-07-31 00:38:31,Key.enter,release
2024-07-31 00:38:31,Key.ctrl_l,press
2024-07-31 00:38:31,Ctrl+S,hotkey
2024-07-31 00:38:31,Key.ctrl_l,release
2024-07-31 00:38:31,S,release
2024-07-31 00:38:40,Key.ctrl_l,press
2024-07-31 00:38:40,Ctrl+C,hotkey
2024-07-31 00:38:40,Key.ctrl_l,release
2024-07-31 00:38:40,C,release
2024-07-31 00:38:42,Key.enter,press
2024-07-31 00:38:42,Key.enter,release
2024-07-31 00:38:42,Key.backspace,press
2024-07-31 00:38:42,Key.backspace,release
2024-07-31 00:38:43,Key.tab,press
2024-07-31 00:38:43,Key.tab,release
2024-07-31 00:38:43,Key.ctrl_l,press
2024-07-31 00:38:43,Ctrl+V,hotkey
2024-07-31 00:38:43,Key.ctrl_l,release
2024-07-31 00:38:43,V,release
2024-07-31 00:38:51,Key.ctrl_l,press
2024-07-31 00:38:51,Ctrl+C,hotkey
2024-07-31 00:38:51,Key.ctrl_l,release
2024-07-31 00:38:51,C,release
2024-07-31 00:38:57,Key.enter,press
2024-07-31 00:38:57,Key.enter,release
2024-07-31 00:38:57,Key.backspace,press
2024-07-31 00:38:57,Key.backspace,release
2024-07-31 00:38:58,Key.enter,press
2024-07-31 00:38:58,Key.ctrl_l,press
2024-07-31 00:38:58,Key.enter,release
2024-07-31 00:38:58,Ctrl+V,hotkey
2024-07-31 00:38:58,Key.ctrl_l,release
2024-07-31 00:38:58,V,release
2024-07-31 00:38:59,Key.ctrl_l,press
2024-07-31 00:38:59,Ctrl+S,hotkey
2024-07-31 00:39:00,Key.ctrl_l,release
2024-07-31 00:39:00,S,release
2024-07-31 00:39:32,Key.ctrl_l,press
2024-07-31 00:42:46,R,press
2024-07-31 00:42:46,U,press
2024-07-31 00:42:46,H,press
2024-07-31 00:42:46,R,release
2024-07-31 00:42:46,U,release
2024-07-31 00:42:47,E,press
2024-07-31 00:42:47,H,release
2024-07-31 00:42:47,Key.space,press
2024-07-31 00:42:47,E,release
2024-07-31 00:42:47,Key.space,release
2024-07-31 00:42:47,S,press
2024-07-31 00:42:47,H,press
2024-07-31 00:42:47,S,release
2024-07-31 00:42:47,E,press
2024-07-31 00:42:47,H,release
2024-07-31 00:42:47,E,release
2024-07-31 00:42:47,Z,press
2024-07-31 00:42:47,H,press
2024-07-31 00:42:47,I,press
2024-07-31 00:42:47,Z,release
2024-07-31 00:42:47,H,release
2024-07-31 00:42:48,I,release
2024-07-31 00:42:48,Key.space,press
2024-07-31 00:42:48,Key.space,release
2024-07-31 00:42:50,B,press
2024-07-31 00:42:50,I,press
2024-07-31 00:42:50,B,release
2024-07-31 00:42:50,I,release
2024-07-31 00:42:50,R,press
2024-07-31 00:42:50,U,press
2024-07-31 00:42:50,R,release
2024-07-31 00:42:50,U,release
2024-07-31 00:42:50,Key.space,press
2024-07-31 00:42:51,Key.space,release
2024-07-31 00:42:52,Z,press
2024-07-31 00:42:52,H,press
2024-07-31 00:42:52,O,press
2024-07-31 00:42:52,H,release
2024-07-31 00:42:53,N,press
2024-07-31 00:42:53,O,release
2024-07-31 00:42:53,Z,release
2024-07-31 00:42:53,N,release
2024-07-31 00:42:53,G,press
2024-07-31 00:42:53,G,release
2024-07-31 00:42:53,J,press
2024-07-31 00:42:53,I,press
2024-07-31 00:42:53,A,press
2024-07-31 00:42:53,J,release
2024-07-31 00:42:53,N,press
2024-07-31 00:42:53,I,release
2024-07-31 00:42:53,N,release
2024-07-31 00:42:53,A,release
2024-07-31 00:42:53,Key.space,press
2024-07-31 00:42:53,Key.space,release
2024-07-31 00:42:53,K,press
2024-07-31 00:42:54,K,release
2024-07-31 00:42:54,O,press
2024-07-31 00:42:54,N,press
2024-07-31 00:42:54,O,release
2024-07-31 00:42:54,N,release
2024-07-31 00:42:54,G,press
2024-07-31 00:42:54,G,release
2024-07-31 00:42:54,G,press
2024-07-31 00:42:54,G,release
2024-07-31 00:42:54,E,press
2024-07-31 00:42:55,E,release
2024-07-31 00:42:55,Key.space,press
2024-07-31 00:42:55,Key.space,release
2024-07-31 00:42:55,Z,press
2024-07-31 00:42:55,H,press
2024-07-31 00:42:55,Z,release
2024-07-31 00:42:55,H,release
2024-07-31 00:42:55,A,press
2024-07-31 00:42:55,N,press
2024-07-31 00:42:55,N,release
2024-07-31 00:42:55,A,release
2024-07-31 00:42:57,4,press
2024-07-31 00:42:57,4,release
2024-07-31 00:42:58,S,press
2024-07-31 00:42:58,S,release
2024-07-31 00:42:58,I,press
2024-07-31 00:42:58,I,release
2024-07-31 00:42:58,W,press
2024-07-31 00:42:59,E,press
2024-07-31 00:42:59,I,press
2024-07-31 00:42:59,W,release
2024-07-31 00:42:59,E,release
2024-07-31 00:42:59,I,release
2024-07-31 00:42:59,2,press
2024-07-31 00:42:59,2,release
2024-07-31 00:43:00,Z,press
2024-07-31 00:43:00,H,press
2024-07-31 00:43:00,Z,release
2024-07-31 00:43:00,E,press
2024-07-31 00:43:00,H,release
2024-07-31 00:43:00,E,release
2024-07-31 00:43:00,Z,press
2024-07-31 00:43:00,H,press
2024-07-31 00:43:00,O,press
2024-07-31 00:43:00,H,release
2024-07-31 00:43:00,Z,release
2024-07-31 00:43:00,N,press
2024-07-31 00:43:00,O,release
2024-07-31 00:43:00,N,release
2024-07-31 00:43:00,G,press
2024-07-31 00:43:01,G,release
2024-07-31 00:43:01,Key.space,press
2024-07-31 00:43:01,Key.space,release
2024-07-31 00:43:01,X,press
2024-07-31 00:43:01,I,press
2024-07-31 00:43:01,N,press
2024-07-31 00:43:01,I,release
2024-07-31 00:43:01,X,release
2024-07-31 00:43:01,N,release
2024-07-31 00:43:01,G,press
2024-07-31 00:43:01,G,release
2024-07-31 00:43:01,K,press
2024-07-31 00:43:02,K,release
2024-07-31 00:43:02,Key.space,press
2024-07-31 00:43:02,Key.space,release
2024-07-31 00:43:02,Key.backspace,press
2024-07-31 00:43:02,Key.backspace,release
2024-07-31 00:43:02,Key.backspace,press
2024-07-31 00:43:02,Key.backspace,release
2024-07-31 00:43:02,Q,press
2024-07-31 00:43:03,I,press
2024-07-31 00:43:03,Q,release
2024-07-31 00:43:03,N,press
2024-07-31 00:43:03,I,release
2024-07-31 00:43:03,N,release
2024-07-31 00:43:03,G,press
2024-07-31 00:43:03,G,release
2024-07-31 00:43:03,K,press
2024-07-31 00:43:03,K,release
2024-07-31 00:43:03,Key.space,press
2024-07-31 00:43:03,Key.space,release
2024-07-31 00:43:03,N,press
2024-07-31 00:43:03,E,press
2024-07-31 00:43:03,N,release
2024-07-31 00:43:04,Key.space,press
2024-07-31 00:43:04,E,release
2024-07-31 00:43:04,Key.space,release
2024-07-31 00:43:04,Key.shift,press
2024-07-31 00:43:04,/,press
2024-07-31 00:43:04,/,release
2024-07-31 00:43:04,Key.shift,release
2024-07-31 00:43:04,Key.enter,press
2024-07-31 00:43:05,Key.enter,release
2024-07-31 00:43:29,Key.ctrl_l,press
2024-07-31 00:43:29,Ctrl+C,hotkey
2024-07-31 00:44:23,Key.ctrl_l,press
2024-07-31 00:44:23,Key.ctrl_l,release
2024-07-31 00:44:27,Key.ctrl_l,press
2024-07-31 00:44:27,Ctrl+C,hotkey
2024-07-31 00:44:27,Key.ctrl_l,release
2024-07-31 00:44:27,C,release
2024-07-31 00:44:32,Key.ctrl_l,press
2024-07-31 00:44:32,Ctrl+V,hotkey
2024-07-31 00:44:32,Key.ctrl_l,release
2024-07-31 00:44:32,V,release
2024-07-31 00:44:33,Key.space,press
2024-07-31 00:44:34,Key.space,release
2024-07-31 00:44:34,S,press
2024-07-31 00:44:34,H,press
2024-07-31 00:44:34,I,press
2024-07-31 00:44:34,S,release
2024-07-31 00:44:34,H,release
2024-07-31 00:44:34,I,release
2024-07-31 00:44:34,S,press
2024-07-31 00:44:34,H,press
2024-07-31 00:44:34,S,release
2024-07-31 00:44:34,H,release
2024-07-31 00:44:35,E,press
2024-07-31 00:44:35,N,press
2024-07-31 00:44:35,N,release
2024-07-31 00:44:35,E,release
2024-07-31 00:44:35,N,press
2024-07-31 00:44:35,M,press
2024-07-31 00:44:35,N,release
2024-07-31 00:44:35,M,release
2024-07-31 00:44:35,Key.space,press
2024-07-31 00:44:35,Key.space,release
2024-07-31 00:44:35,Key.backspace,press
2024-07-31 00:44:35,Key.backspace,release
2024-07-31 00:44:35,Key.backspace,press
2024-07-31 00:44:36,Key.backspace,release
2024-07-31 00:44:36,Key.backspace,press
2024-07-31 00:44:36,Key.backspace,release
2024-07-31 00:44:36,S,press
2024-07-31 00:44:36,H,press
2024-07-31 00:44:36,S,release
2024-07-31 00:44:36,E,press
2024-07-31 00:44:36,H,release
2024-07-31 00:44:36,N,press
2024-07-31 00:44:36,N,release
2024-07-31 00:44:36,E,release
2024-07-31 00:44:36,M,press
2024-07-31 00:44:36,M,release
2024-07-31 00:44:36,Key.space,press
2024-07-31 00:44:36,Key.space,release
